event_name,category,subcategory,duration,is_competitive,competition_form,reward_structure,main_mechanic,reuse_count,first_seen,requires_purchase,source_url,notes,page_status
Beat the Heat Wipeout,Coins,,3-4 days (Fri 10:00 GMT start → Mon 10:00 GMT end [MP]; Event_Calendar 页写 Tue 10:00 [EC]),true,"排行榜(每轮与其他玩家赛跑, 前三名)","12 轮, 每轮前 1/2/3 名奖励(礼盒/能量/硬币/宝石/箱子), 硬币不跨轮结转 [PG]","厨房板攒硬币达每轮硬币目标(新版 250→1000), 与其他玩家比谁先到 [PG]",2,,false,https://gossip-harbor.fandom.com/wiki/Beat_the_Heat_Wipeout,"reuse=页面并列 New Version/Old Version 两套轮次表; 不每周出现, 可在周五 10am GMT 出现, 与 Lori's Dough Derby/Ziva's Goldrush 轮流占周五档 [PG][MP]; wiki 文章创建 2025-04-24 [UL]",archived_page
Lori's Dough Derby,Coins,,3-4 days (Fri 10:00 GMT start → Mon 10:00 GMT end [MP]; Event_Calendar 页写 Tue 10:00 [EC]),false,"个人里程碑(与 NPC Lori 赛跑, 非玩家对抗)","按轮次硬币目标发奖, 硬币可跨轮结转 [TT]",攒硬币与 Lori 赛跑过轮 [TT],2,,false,https://gossip-harbor.fandom.com/wiki/Lori%E2%80%99s_Dough_Derby,"无页快照; reuse=Update_Log 2025-07-24 记'部分玩家有新版本, 页面数值基于旧版'; 2025-05-01 加了'回归时间表'以追踪复刻 [UL]; 文章创建 2025-04-11",overview_only(no_snapshot)
Ziva's Goldrush,Coins,,3-4 days (Fri 10:00 GMT start → Mon 10:00 GMT end [MP]; Event_Calendar 页写 Tue 10:00 [EC]),true,排行榜(与其他玩家赛跑),"按轮次硬币目标发奖, 硬币不跨轮结转 [TT]","攒硬币达轮次目标, 与其他玩家赛跑 [TT]",,,false,https://gossip-harbor.fandom.com/wiki/Ziva%27s_Goldrush,"无页快照; 主页 2025-10-24/26 记'正在更新新的奖励与硬币信息'(疑似改版, 未明说) [MP]",overview_only(no_snapshot)
A Marionette's Mission,Decoration,,,false,个人里程碑,按阶段解锁装饰(分类级描述),用订单产出的 Decoration Points 按阶段购买公园广场/Quinn 花园的永久装饰; 阶段 2 后获 Cooldown Perk [EV][TT][Timers],,,false,https://gossip-harbor.fandom.com/wiki/A_Marionette%27s_Mission,无页快照; 公园广场装饰活动 [EV]; 其装饰条目 2025-08-08 建 [UL],overview_only(no_snapshot)
An Egyptian Excursion,Decoration,,,false,个人里程碑,按阶段解锁装饰(分类级描述),用订单产出的 Decoration Points 按阶段购买公园广场/Quinn 花园的永久装饰; 阶段 2 后获 Cooldown Perk [EV][TT][Timers],,,false,https://gossip-harbor.fandom.com/wiki/An_Egyptian_Excursion,无页快照; 公园广场 [EV]; 装饰条目 2025-08-07 建 [UL]; Horus's Guard 页确认为其装饰,overview_only(no_snapshot)
Easter Jamboree,Decoration,,,false,个人里程碑,按阶段解锁装饰(分类级描述),用订单产出的 Decoration Points 按阶段购买公园广场/Quinn 花园的永久装饰; 阶段 2 后获 Cooldown Perk [EV][TT][Timers],,,false,https://gossip-harbor.fandom.com/wiki/Easter_Jamboree,无页快照; Quinn 花园装饰活动(少见类型) [EV]; 文章创建 2025-04-10(复活节档) [UL],overview_only(no_snapshot)
The Lost City of Heron Keys,Decoration,,,false,个人里程碑,按阶段解锁装饰(分类级描述),用订单产出的 Decoration Points 按阶段购买公园广场/Quinn 花园的永久装饰; 阶段 2 后获 Cooldown Perk [EV][TT][Timers],,,false,https://gossip-harbor.fandom.com/wiki/The_Lost_City_of_Heron_Keys,"无页快照; 公园广场 [EV]; 文章创建 2025-05-09, 05-12 补齐全部奖励 [UL]",overview_only(no_snapshot)
The Masked Tenor,Decoration,,,false,个人里程碑,按阶段解锁装饰(分类级描述),用订单产出的 Decoration Points 按阶段购买公园广场/Quinn 花园的永久装饰; 阶段 2 后获 Cooldown Perk [EV][TT][Timers],,,false,https://gossip-harbor.fandom.com/wiki/The_Masked_Tenor,无页快照; 公园广场 [EV]; 文章创建 2025-06-10 [UL]; Ghostly Gondola 页确认为其装饰,overview_only(no_snapshot)
Lavender Season,Merging,Cloudy,,false,个人里程碑,"道具等级里程碑奖励(金块/硬币/能量/宝石碎片, 主道具 lv5 起)+图鉴每新发现道具 +1 能量; 完成活动给卡包 [ML][TT]","云雾板: 按固定顺序用钥匙道具解锁云区; 主合成物=植物, 用订单给的镰刀收割(最多 4 块地) [EV]",,,false,https://gossip-harbor.fandom.com/wiki/Lavender_Season,"无页快照; 合成活动时长页面未写; 同一时间只能有一个合成活动, 结束后可立即开下一个或间隔≥2h [EV]; 文章创建 2025-05-12 [UL]",overview_only(no_snapshot)
Tony's Farmyard Deeds,Merging,Cloudy,,false,个人里程碑,"道具等级里程碑奖励(金块/硬币/能量/宝石碎片, 主道具 lv5 起)+图鉴每新发现道具 +1 能量; 完成活动给卡包 [ML][TT]","云雾板(动物+地块+镰刀), 总览页配图示例 [EV]",,,false,https://gossip-harbor.fandom.com/wiki/Tony%27s_Farmyard_Deeds,"无页快照; 合成活动时长页面未写; 同一时间只能有一个合成活动, 结束后可立即开下一个或间隔≥2h [EV]",overview_only(no_snapshot)
Tony's Fruit Farm,Merging,Cloudy,,false,个人里程碑,"道具等级里程碑奖励(金块/硬币/能量/宝石碎片, 主道具 lv5 起)+图鉴每新发现道具 +1 能量; 完成活动给卡包 [ML][TT]",云雾板(植物/镰刀) [EV],,,false,https://gossip-harbor.fandom.com/wiki/Tony%E2%80%99s_Fruit_Farm,"无页快照; 合成活动时长页面未写; 同一时间只能有一个合成活动, 结束后可立即开下一个或间隔≥2h [EV]; 文章创建 2025-04-04, 2025-09-06 补图 [UL]",overview_only(no_snapshot)
Dinosaur Discovery,Merging,Multilevel,,false,个人里程碑,"道具等级里程碑奖励(金块/硬币/能量/宝石碎片, 主道具 lv5 起)+图鉴每新发现道具 +1 能量; 完成活动给卡包 [ML][TT]; 阶段 2/3/4 开局铺满硬币/能量/宝石碎片 [ML]","多层板: 4 层, 合出带钥匙标记的道具开门进下一层 [EV]",,,false,https://gossip-harbor.fandom.com/wiki/Dinosaur_Discovery,"无页快照; 总览页配图'第 4 层也是最后一层'; 合成活动时长页面未写; 同一时间只能有一个合成活动, 结束后可立即开下一个或间隔≥2h [EV]; 文章创建 2025-04-25 [UL]",overview_only(no_snapshot)
Hilarious Hijinks,Merging,Multilevel,,false,个人里程碑,"道具等级里程碑奖励(金块/硬币/能量/宝石碎片, 主道具 lv5 起)+图鉴每新发现道具 +1 能量; 完成活动给卡包 [ML][TT]","多层板(4 层, 钥匙开门) [EV]",,,false,https://gossip-harbor.fandom.com/wiki/Hilarious_Hijinks,"无页快照; 合成活动时长页面未写; 同一时间只能有一个合成活动, 结束后可立即开下一个或间隔≥2h [EV]",overview_only(no_snapshot)
Sensational Sportsfest,Merging,Multilevel,,false,个人里程碑,"道具等级里程碑奖励(金块/硬币/能量/宝石碎片, 主道具 lv5 起)+图鉴每新发现道具 +1 能量; 完成活动给卡包 [ML][TT]","多层板(4 层, 钥匙开门) [EV]",,,false,https://gossip-harbor.fandom.com/wiki/Sensational_Sportsfest,"无页快照; 合成活动时长页面未写; 同一时间只能有一个合成活动, 结束后可立即开下一个或间隔≥2h [EV]; 文章创建 2025-05-21 [UL]",overview_only(no_snapshot)
Springtide Gardens,Merging,Multilevel,,false,个人里程碑,"道具等级里程碑奖励(金块/硬币/能量/宝石碎片, 主道具 lv5 起)+图鉴每新发现道具 +1 能量; 完成活动给卡包 [ML][TT]","多层板(4 层, 钥匙开门), 总览页配图 [EV]",,,false,https://gossip-harbor.fandom.com/wiki/Springtide_Gardens,"无页快照; 合成活动时长页面未写; 同一时间只能有一个合成活动, 结束后可立即开下一个或间隔≥2h [EV]",overview_only(no_snapshot)
Forest Forager,Merging,Digging(Scrolling),,false,个人里程碑,积分制: 达到积分阈值给道具奖励 [EV],挖掘板: 清完现有道具后板面向下滚动露出更多 [EV],,,false,https://gossip-harbor.fandom.com/wiki/Forest_Forager,"无页快照; 合成活动时长页面未写; 同一时间只能有一个合成活动, 结束后可立即开下一个或间隔≥2h [EV]; 文章创建 2025-05-30 [UL]",overview_only(no_snapshot)
Rose Garden Romance,Merging,Digging(Scrolling),,false,个人里程碑,积分制: 达到积分阈值给道具奖励 [EV],挖掘板(向下滚动) [EV],,,false,https://gossip-harbor.fandom.com/wiki/Rose_Garden_Romance,"无页快照; 合成活动时长页面未写; 同一时间只能有一个合成活动, 结束后可立即开下一个或间隔≥2h [EV]",overview_only(no_snapshot)
Seaside Sandscaping,Merging,Digging(Scrolling),,false,个人里程碑,积分制: 达到积分阈值给道具奖励 [EV],挖掘板(向下滚动) [EV],,,false,https://gossip-harbor.fandom.com/wiki/Seaside_Sandscaping,"无页快照; 合成活动时长页面未写; 同一时间只能有一个合成活动, 结束后可立即开下一个或间隔≥2h [EV]",overview_only(no_snapshot)
Cinco de Mayo Party,Merging,Single level,,false,个人里程碑,"道具等级里程碑奖励(金块/硬币/能量/宝石碎片, 主道具 lv5 起)+图鉴每新发现道具 +1 能量; 完成活动给卡包 [ML][TT]",单层板: 用订单给的可合成物与板上预置道具合成到顶级即结束 [EV],,,false,https://gossip-harbor.fandom.com/wiki/Cinco_de_Mayo_Party,"无页快照; 合成活动时长页面未写; 同一时间只能有一个合成活动, 结束后可立即开下一个或间隔≥2h [EV]; 文章创建 2025-05-04 [UL]; Raccoon 页提到'Cinco de Mayo Party Points'即订单给活动点",overview_only(no_snapshot)
Down the Rabbit Hole,Merging,Single level,,false,个人里程碑,"道具等级里程碑奖励(金块/硬币/能量/宝石碎片, 主道具 lv5 起)+图鉴每新发现道具 +1 能量; 完成活动给卡包 [ML][TT]",单层板 [EV],,,false,https://gossip-harbor.fandom.com/wiki/Down_the_Rabbit_Hole,"无页快照; 合成活动时长页面未写; 同一时间只能有一个合成活动, 结束后可立即开下一个或间隔≥2h [EV]; 文章创建 2025-06-10 [UL]",overview_only(no_snapshot)
Easter Egg Hunt,Merging,Single level,,false,个人里程碑,"蛋链 lv5-7 产金块/硬币/能量 [PG]; 道具等级里程碑奖励(金块/硬币/能量/宝石碎片, 主道具 lv5 起)+图鉴每新发现道具 +1 能量; 完成活动给卡包 [ML][TT]",单层板: 胡萝卜链+彩蛋链两条合成链 [PG][EV],,,false,https://gossip-harbor.fandom.com/wiki/Easter_Egg_Hunt,"有页快照但仅道具等级表, 无时长/日期; 文章创建 2025-04-13 [UL]; 合成活动时长页面未写; 同一时间只能有一个合成活动, 结束后可立即开下一个或间隔≥2h [EV]",archived_page
Galactic Grand Prix,Order;Random,,,unknown,,,订单活动: 完成指定订单 [EV]; 随机活动(不提前 24h 预告) [EV],,,false,https://gossip-harbor.fandom.com/wiki/Galactic_Grand_Prix,无页快照; 文章创建 2025-04-15 [UL],overview_only(no_snapshot)
Mutineer Mayhem,Order;Random,,<24 hours (随机类说明: Raccoon orders 与 Mutineer Mayhem 不足 24h [EV]),unknown,,,"限时特殊订单活动, 3 个版本各有一套可能订单组合 [UL 2025-05-27]; 到达时段 Tue/Wed/Thu 00:00-02:00 GMT [MP][EC]",3,,false,https://gossip-harbor.fandom.com/wiki/Mutineer_Mayhem,无页快照; reuse=Update_Log 记 3 个版本; 每周最多 3 个到达时段 [MP],overview_only(no_snapshot)
24-Hour Player Competitions,Other;Random,,24 hours (活动名即 24 小时 [EV]),true,"排行榜(玩家竞赛, 按名次发奖)","按名次奖励 [UL 2025-04-20: '奖励与名次基于当期 Easter Festival Face Off, 待验证']",24 小时内完成订单/攒积分与其他玩家比名次 [EV],,,false,https://gossip-harbor.fandom.com/wiki/24-Hour_Player_Competitions,无页快照; 具体实例名 Easter Festival Face Off(2025-04) [UL]; wiki 另有 Event_Point_Player_Competitions 页(无快照),overview_only(no_snapshot)
Big Drop Rush,Other;Random,,24 hours (分类级描述: Other 类'often 24-hour events' [EV]),unknown,,完成订单/积分给奖励(分类级) [EV],,,,false,https://gossip-harbor.fandom.com/wiki/Big_Drop_Rush,无页快照; 文章创建 2025-05-27 [UL]; 随机活动,overview_only(no_snapshot)
Bingo,Other;Random,,24 hours (分类级描述: Other 类'often 24-hour events' [EV]),unknown,,完成订单/积分给奖励(分类级) [EV],可从厨房板进入的活动界面 [TT],,,false,https://gossip-harbor.fandom.com/wiki/Bingo,无页快照; 文章创建 2025-06-15 [UL]; 随机活动,overview_only(no_snapshot)
Clay Color Combos,Other;Random,,24 hours (分类级描述: Other 类'often 24-hour events' [EV]),unknown,,按轮次(所需颜料瓶数/要上色的动物)发奖 [UL 2025-05-18],"收集颜料瓶给陶土动物雕像上色, 分轮推进 [UL]",,,false,https://gossip-harbor.fandom.com/wiki/Clay_Color_Combos,"无页快照; Update_Log 2025-05-18 记有轮次/颜料/动物/奖励表, 2025-07-23 加全部雕像图",overview_only(no_snapshot)
Fruit Roulette,Other;Random,,24 hours (分类级描述: Other 类'often 24-hour events' [EV]),unknown,,,可从厨房板进入的活动界面 [TT],,,false,https://gossip-harbor.fandom.com/wiki/Fruit_Roulette,无页快照; 文章创建 2025-06-06 [UL]; 随机活动,overview_only(no_snapshot)
Gazebo Garden Pools,Other;Random,,24 hours (分类级描述: Other 类'often 24-hour events' [EV]),unknown,,,,,,false,https://gossip-harbor.fandom.com/wiki/Gazebo_Garden_Pools,无页快照; Event_Calendar: 周四 2am/合成活动最后 24 小时出现(待验证) [EC],overview_only(no_snapshot)
Lucky River,Other;Random,,24 hours (分类级描述: Other 类'often 24-hour events' [EV]),unknown,,,,,,false,https://gossip-harbor.fandom.com/wiki/Lucky_River,无页快照; 文章创建 2025-04-15 [UL]; Tips 页有空标题段,overview_only(no_snapshot)
Restaurant Goals,Other,,1 week (结束后立刻重开 [EV]; 周一/二 2am GMT 重置 [MP][EC]),false,个人里程碑,"多条目标(含收集 N 个 Epic/Rare 卡包、'完成一次购买'等)+里程碑奖励, 完成总奖励几乎必含 Epic Pack [TT][Card_Collection_Event]",周任务清单: 完成订单/收卡包/登录等目标 [TT],,,false,https://gossip-harbor.fandom.com/wiki/Restaurant_Goals,无页快照; 目标之一是'make a purchase'(可跳过该项拿其余奖励) [TT]; 常驻每周循环,overview_only(no_snapshot)
Sky-High Scramble,Other;Random,,24 hours (分类级描述: Other 类'often 24-hour events' [EV]),unknown,,,,,,false,https://gossip-harbor.fandom.com/wiki/Sky-High_Scramble,无页快照; 2025-07-23 更新 [UL]; 随机活动,overview_only(no_snapshot)
Big Bubble Bargains,Purchasing;Random,,24 hours [PG],false,无,无奖励结构(泡泡道具折扣) [PG],24 小时内厨房板泡泡(bubble)道具打折出售 [PG],3,,true,https://gossip-harbor.fandom.com/wiki/Big_Bubble_Bargains,"reuse=页面到达时段表每周 3 档(Tue 2am / Wed 10 GMT 与 1 GMT / Sat 2am GMT), 非版本数; 分类=需真钱 [EV]; 随机活动",archived_page
Disco Party,Purchasing;Random,,"(非 24 小时, 分类说明将其列为例外 [EV])",false,无,"抽奖(转盘): Coconut 送 1 次免费转保底 25 能量, 其余转需付费 [EV]",付费转盘抽奖 [EV],,,true,https://gossip-harbor.fandom.com/wiki/Disco_Party,"无页快照; 2025-08-16 概率与奖励从 wiki 移除, 改链接 Microfun 概率公示 [UL]",overview_only(no_snapshot)
Rare Card Deal,Purchasing;Random,,,false,无,付费购买稀有卡(分类级) [EV],真钱购买 [EV],,,true,https://gossip-harbor.fandom.com/wiki/Rare_Card_Deal,无页快照; 文章创建 2025-08-24 [UL]; 随机活动,overview_only(no_snapshot)
Coconut's Sky Journey,Rare and Obsolete,,,unknown,,,,,,,https://gossip-harbor.fandom.com/wiki/Coconut%27s_Sky_Journey,无页快照; 总览页'已不再出现'的活动 [EV],overview_only(no_snapshot)
"Kitchen Merging Events (类型, 总览页未列具体活动名)",Rare and Obsolete,Kitchen Merging,,unknown,,,"在游戏初期脏乱厨房板的复制板上做合成, 为平时不点单的角色(Sophia/Quinn)做订单 [EV]",,,,https://gossip-harbor.fandom.com/wiki/Rare_and_Obsolete_Events,"已淘汰活动类型; Rare_and_Obsolete_Events 分类页无快照, 无具体活动名",overview_only(no_snapshot)
Purrfect Pet Party,Merging,Multilevel,,false,个人里程碑,Cat Care Tools 链 lv5-12、Furry Friends 链 lv5-6 等级奖励(与通用多层活动表一致) [PG],多层板合成活动 [PG],,,false,https://gossip-harbor.fandom.com/wiki/Purrfect_Pet_Party,总览页未列; 文章创建 2025-11-02 [MP]; 主页记'单层与多层合成活动奖励相同',archived_page
Tony's Bravery Test,Merging,Cloudy,,false,个人里程碑,"Giggling Ghosts lv5-10 / Mystic Manuals lv4-8 等级奖励, 箱子/幽灵坩埚给道具 [PG]","云雾板合成活动(万圣节题材: 幽灵/魔法书/蜘蛛饼干, 用镰刀挖墓) [PG]",,,false,https://gossip-harbor.fandom.com/wiki/Tony%E2%80%99s_Bravery_Test,总览页未列; 文章创建 2025-10-23 [MP],archived_page
Fortune Favors the Bold,Decoration,,,false,个人里程碑,"8 个阶段, 每阶段 3 件装饰(共 24 件) [PG]",公园广场装饰活动 [PG]; 用订单产出的 Decoration Points 按阶段购买公园广场/Quinn 花园的永久装饰; 阶段 2 后获 Cooldown Perk [EV][TT][Timers],,2026-02,false,https://gossip-harbor.fandom.com/wiki/Fortune_Favors_the_Bold,页面原文'was the February 2026 decoration event for the Park Square' → 装饰活动按月一档; 快照 2026-03-27,archived_page
Tidal Beats Fest,,,,true,"排行榜(分 Newcomer/Apprentice 等段位阶段, 各阶段前三名)",每阶段 1st/2nd/3rd 名奖励(Fancy Order Case/刮刮卡/能量 75-150) [PG],"页面未写玩法, 仅奖励表",,,false,https://gossip-harbor.fandom.com/wiki/Tidal_Beats_Fest,总览页未列; 文章创建 2025-10-25 [MP]; 类型未写(疑似玩家竞赛类),archived_page
Card Collection Event,,,over a month [PG],false,个人里程碑,集齐 9 张/套得奖; 集满相册可再刷 Prestige Album(第二轮)得 Generous Pack; 重复卡在 Star Store 换包 [PG],通过订单/活动/Restaurant Goals/Seasons 获得卡包集卡 [PG],4,,false,https://gossip-harbor.fandom.com/wiki/Card_Collection_Event,总览页未列(归 Game Mechanics); reuse=已知相册名: Easter Get-together、Joyful Moments [PG] + Tour the Cosmos、Birthday Party [UL]; 期间未用重复卡不结转,archived_page
Seasons (赛季通行证),,,1 month [PG],false,个人里程碑,"免费轨+VIP Pass/Super Pass 付费轨; 45 级积分里程碑(lv2=110 … lv42=7000); 免费轨固定送 1 Energy Chest, VIP 送 150 能量 [PG]",24 小时限时任务(赚硬币/服务顾客/花宝石)+累计合成 100 次得积分升级 [PG],2,,false,https://gossip-harbor.fandom.com/wiki/Seasons,总览页未列(归 Game Mechanics); reuse=页面截图 Sep-Oct 2025 与 Oct-Nov 2025 两季; 奖励每季变动(2025-06-24 起不再固定) [UL]; 付费通行证可选,archived_page
Endless Energy,,,,false,个人里程碑,"15 轮阶梯: 免费卡包/能量与付费能量交替, 100 能量售价 10→20→40→80→160 宝石 [PG]",花宝石买能量并解锁后续免费奖励 [PG]; 周二/三 00:00 GMT 出现 [PG],,,false,https://gossip-harbor.fandom.com/wiki/Endless_Energy,"总览页未列; 需消耗宝石(游戏内货币, 可付费获得)但非强制真钱; 有卡牌活动期间奖励换成卡包 [PG]; 文章创建 2025-04-15 [UL]",archived_page
Purrfect Progress,Merging,,,,,,,,,,https://gossip-harbor.fandom.com/wiki/Purrfect_Progress,"总览页未列出; 页面 2025-10-19~20 创建, 10-21 补齐全部目标与奖励 [UL]; 主页记其奖励与单层/多层合成活动相同 → 合成活动",log_only(no_snapshot)
The Dark Zone,,,,,,,,,,,https://gossip-harbor.fandom.com/wiki/The_Dark_Zone,总览页未列出; 页面 2025-10-19~20 创建 [UL],log_only(no_snapshot)
A Spectral Shindig,,,,,,,,,,,https://gossip-harbor.fandom.com/wiki/A_Spectral_Shindig,总览页未列出; 页面 2025-10-17~18 创建(万圣节档) [UL],log_only(no_snapshot)
All Hallows Haunts,,,,,,,,,,,https://gossip-harbor.fandom.com/wiki/All_Hallows_Haunts,总览页未列出; 页面 2025-10-23 创建 [MP],log_only(no_snapshot)
Puzzles,,,,,,,,,,,https://gossip-harbor.fandom.com/wiki/Puzzles,"总览页未列出; 2025-10-23 创建, 10-24 补齐'第一个 puzzle'全部奖励 [MP]",log_only(no_snapshot)
The Mage's Fortune,,,,,,,,,,,https://gossip-harbor.fandom.com/wiki/The_Mage%E2%80%99s_Fortune,总览页未列出; 2025-10-25 创建 [MP],log_only(no_snapshot)
Flower Fellowship,,,,,,,,,,,https://gossip-harbor.fandom.com/wiki/Flower_Fellowship,"总览页未列出; 2025-10-10~16 更新(与 Cloudy/Digging Events 页同批更新, 类型未明) [UL]",log_only(no_snapshot)
Fall Foliage Favors,,,,,,,,,,,https://gossip-harbor.fandom.com/wiki/Fall_Foliage_Favors,"总览页未列出; 2025-09-18~10-07 创建(同批更新 Digging Event 页, 类型未明) [UL]",log_only(no_snapshot)
Golden Moon Banquet,Decoration,,,,,,,,,,https://gossip-harbor.fandom.com/wiki/Golden_Moon_Banquet,总览页未列出; 2025-09-18~10-07 '添加了若干装饰' → 装饰活动(中秋档) [UL],log_only(no_snapshot)
Water Rival Race,,,,true,排行榜(轮次含 1st place 奖励),,,,,,https://gossip-harbor.fandom.com/wiki/Water_Rival_Race,"总览页未列出; 2025-08-28 创建, 08-29 '除第 1 轮与第 7 轮一个 1st place 奖励外全部奖励已加' → ≥7 轮按名次 [UL]; 主页 10-26 记其活动点计算方式与其他活动不同",log_only(no_snapshot)
Happy Campers,,,,,,,,,,,https://gossip-harbor.fandom.com/wiki/Happy_Campers,总览页未列出; 2025-09-13 创建 [UL],log_only(no_snapshot)
Roadtrip Dreams,,,,,,,,,,,https://gossip-harbor.fandom.com/wiki/Roadtrip_Dreams,总览页未列出; 2025-09-07 创建 [UL],log_only(no_snapshot)
Pups and Paintings,,,,,,,,,,,https://gossip-harbor.fandom.com/wiki/Pups_and_Paintings,总览页未列出; 2025-09-05 创建 [UL],log_only(no_snapshot)
Scuba Diving Summer,,,,,,,,,,,https://gossip-harbor.fandom.com/wiki/Scuba_Diving_Summer,总览页未列出; 2025-09-04 '全部 undersea buddies 已加' [UL],log_only(no_snapshot)
Barking Bobbies,Decoration,,,,,,,,,,https://gossip-harbor.fandom.com/wiki/Barking_Bobbies,"总览页未列出; 2025-08-28 创建, 09-04 '其装饰条目已加' → 装饰活动 [UL]",log_only(no_snapshot)
Double Pack Party,,,,,,,,,,,https://gossip-harbor.fandom.com/wiki/Double_Pack_Party,总览页未列出; 2025-08-24 与 Rare Card Deal 同日创建(类型未明) [UL],log_only(no_snapshot)
Restaurant Recon,,,,,,,,,,,https://gossip-harbor.fandom.com/wiki/Restaurant_Recon,"总览页未列出; 2025-08-11 创建; 08-15 '寿司全部奖励已加, 缺最后 trinket'; 08-21 全部道具配图(类型未明) [UL]",log_only(no_snapshot)
Tony's Panda Posse,,,,,,,,,,,https://gossip-harbor.fandom.com/wiki/Tony%E2%80%99s_Panda_Posse,"总览页未列出; 2025-08-20 创建(Tony 系列此前均为云雾板, 本活动类型未明) [UL]",log_only(no_snapshot)
The Joker,,,,,,,,,,,https://gossip-harbor.fandom.com/wiki/The_Joker,总览页未列出; 2025-08-17 创建 [UL],log_only(no_snapshot)
Heart2Heart,,,,,,,,,,,https://gossip-harbor.fandom.com/wiki/Heart2Heart,总览页未列出; 2025-08-17 创建 [UL],log_only(no_snapshot)
Besties' Shopping Day,,,,,,,,,,,https://gossip-harbor.fandom.com/wiki/Besties%E2%80%99_Shopping_Day,"总览页未列出; 2025-08-12 创建, '多数玩家没有拿到这个活动'(疑似分组投放/AB 测试) [UL]",log_only(no_snapshot)
Birthday Party,Card Collection (album),,,,,,,,,,https://gossip-harbor.fandom.com/wiki/Birthday_Party,"总览页未列出; 2025-08-11 创建, 08-15 '加了若干卡' → 卡牌收集相册(3 周年档) [UL]",log_only(no_snapshot)
Triennial Triumph,Decoration,,,,,,,,,,https://gossip-harbor.fandom.com/wiki/Triennial_Triumph,"总览页未列出; 2025-08-08 创建, 08-09 '阶段 1-3 全部装饰已建' → 装饰活动(3 周年) [UL]; Luminous Ducks 页确认为其装饰",log_only(no_snapshot)
Norman's Monster Hunt,,,,,,,,,,,https://gossip-harbor.fandom.com/wiki/Norman%E2%80%99s_Monster_Hunt,"总览页未列出; 2025-07-26 创建, 07-27~28 '更多积分信息' → 积分制 [UL]",log_only(no_snapshot)
Tony's Vineyard Ventures,Merging,,,,,,,,,,https://gossip-harbor.fandom.com/wiki/Tony%27s_Vineyard_Ventures,"总览页未列出; 2025-07-17 创建(活动尚未开始), 07-27~28 '活动已结束…活动复用 sprite' → 合成活动 [UL]",log_only(no_snapshot)
Tour the Cosmos,Card Collection (album),,,,,,,,,,https://gossip-harbor.fandom.com/wiki/Tour_the_Cosmos,总览页未列出; 2025-07-14 加卡图 → 卡牌收集相册 [UL],log_only(no_snapshot)
Easter Egg Quest,,,,,,,,,,,https://gossip-harbor.fandom.com/wiki/Easter_Egg_Quest,总览页未列出; 2025-04-17 '新活动 Easter Egg Quest' 创建 [UL],log_only(no_snapshot)
Easter Festival Face Off,Other,,,true,排行榜,,,,,,https://gossip-harbor.fandom.com/wiki/Easter_Festival_Face_Off,总览页未列出; Update_Log 2025-04-20: 24-Hour Player Competitions 的当期实例,log_only(no_snapshot)
Easter Get-together,Card Collection (album),,,,,,,,,,https://gossip-harbor.fandom.com/wiki/Easter_Get-together,总览页未列出; 见 Card_Collection_Event 页'Past and Current' 列表 → 卡牌相册,log_only(no_snapshot)
Joyful Moments,Card Collection (album),,,,,,,,,,https://gossip-harbor.fandom.com/wiki/Joyful_Moments,总览页未列出; 见 Card_Collection_Event 页'Past and Current' 列表 → 卡牌相册,log_only(no_snapshot)
Destination Dreamland,,,,,,,,,,,https://gossip-harbor.fandom.com/wiki/Destination_Dreamland,总览页未列出; 2025-07-04 创建 [UL],log_only(no_snapshot)
Energy Challenge,,,,,,,,,,,https://gossip-harbor.fandom.com/wiki/Energy_Challenge,总览页未列出; 2025-04-15 创建 [UL],log_only(no_snapshot)
Coconut's Fishy Farming,,,,,,,,,,,https://gossip-harbor.fandom.com/wiki/Coconut%E2%80%99s_Fishy_Farming,总览页未列出; 2025-06-16 创建 [UL],log_only(no_snapshot)
24-Hour Decoration Point Events,,,24 hours (活动名),,,,,,,,https://gossip-harbor.fandom.com/wiki/24-Hour_Decoration_Point_Events,"总览页未列出; 2025-10-14 创建, 10-28 补等级与积分 [UL][MP]; Tips 页: 24 小时装饰活动用 token 换奖励, 剩余 token 不结转",log_only(no_snapshot)
Event Point Player Competitions,,,,true,排行榜,,,,,,https://gossip-harbor.fandom.com/wiki/Event_Point_Player_Competitions,"总览页未列出; 仅见 Multilevel_Events 页链接; wiki 有页, 无快照",log_only(no_snapshot)
